feature,importance
vix_percentile,0.17954342
vol_risk_premium,0.08660091
price_vs_ma50,0.06358365
spy_return_10d,0.06319463
realized_vol_10d,0.059572987
bb_position,0.053058915
rsi_14,0.05292982
realized_vol_20d,0.051877454
vix_ma_ratio,0.05139602
price_vs_ma200,0.049916476
vix_level,0.04878339
spy_return_20d,0.0459248
spy_return_5d,0.042327013
vix_return_1d,0.039783612
volume_ratio,0.039773334
vix_term_structure,0.038355336
spy_return_1d,0.03337824
vix_spike,0.0
